Gary,Mills,Daytona Beach,1,United States,7,gmills0@123-reg.co.uk.
Kathleen,Clark,Fayaoué,2,New Caledonia,26863,kclark1@devhub.com.
Jesse,Oliver,Nybro,4,Sweden,582,joliver2@over-blog.com.
Benjamin,Carr,Ripky,5,Ukraine,06883,bcarr3@google.com.hk.
Janice,Cox,Kangar,7,Malaysia,6,jcox4@unesco.org.
Kimberly,Mason,Filipstad,6,Sweden,6,kmason5@huffingtonpost.com.
Theresa,Wagner,Carmo do Cajuru,4,Brazil,83,twagner6@squidoo.com.
Michelle,Parker,Yupiltepeque,4,Guatemala,6509,mparker7@icio.us.
Patricia,Cook,Baiyushan,3,China,35510,pcook8@networksolutions.com.
Donna,Reid,North Little Rock,3,United States,01501,dreid9@samsung.com.
Alice,Cruz,Limbo,1,Philippines,9645,acruza@aboutads.info.
Kenneth,Owens,Kokshetau,9,Kazakhstan,6,kowensb@zdnet.com.
Jeremy,Schmidt,S?o José do Egito,11,Brazil,067,jschmidtc@opera.com.
David,Fuller,Tampere,12,Finland,028,dfullerd@ihg.com.